{"cameraMode":{"drawMode":0,"name":"Shaded","section":"Shading Mode"},"sceneLighting":true,"audioPlay":false,"sceneViewState":{"showFog":true,"showMaterialUpdate":false,"showSkybox":true,"showFlares":true,"showImageEffects":true,"showParticleSystems":true},"in2DMode":false,"pivot":{"x":1.2322998046875,"y":-0.19775390625,"z":-1.0126953125},"rotation":{"x":-0.0011720589827746153,"y":-0.9786360263824463,"z":0.20552152395248414,"w":-0.005580306053161621},"size":1.897188425064087,"orthographic":true}